recipients,donors,transconjugants,segregadas,adaptations_number,cycle
476880,468301,1582,3237,0,6385715
475829,468280,2329,3562,0,9483258
474644,468282,3298,3776,0,12483971
473622,468265,4103,4010,0,15486547
472645,468137,4896,4322,0,18488107
471833,467992,5632,4543,0,21493224
470609,468110,6474,4807,0,24500760
469574,468064,7324,5038,0,27507457
468914,467753,7968,5365,0,30515351
467763,468032,8588,5617,0,33509512
466452,468556,9177,5815,0,36517054
465265,468664,9779,6292,0,39517428
464516,468759,10277,6448,0,42524014
462772,469587,10861,6780,0,45528432
461698,469974,11322,7006,0,48524196
460638,470537,11607,7218,0,51523781
460031,470715,11900,7354,0,54522192
459116,471117,12190,7577,0,57531692
458076,471657,12447,7820,0,60525929
456792,472422,12803,7983,0,63521655
455532,473038,13214,8216,0,66539677
455216,472783,13501,8500,0,69534036
453761,473571,13866,8802,0,72541315
452056,474540,14333,9071,0,75547148
450917,475103,14543,9437,0,78550188
450532,475219,14640,9609,0,81564721
449173,475994,14893,9940,0,84580539
447886,476498,15308,10308,0,87579882
446905,476938,15653,10504,0,90570686
445851,477522,15924,10703,0,93571608
445087,478008,15943,10962,0,96574633
443540,479318,15795,11347,0,99577218
442002,480419,15819,11760,0,102576809
440852,481382,15698,12068,0,105581622
440062,481610,15944,12384,0,108594170
439071,482169,16032,12728,0,111608985
438163,482873,16101,12863,0,114624402
436925,484078,15990,13007,0,117628670
436125,484661,15911,13303,0,120626236
435462,484992,16007,13539,0,123632844
434892,485264,16243,13601,0,126641110
433175,486751,16406,13668,0,129657366
432822,486983,16400,13795,0,132659668
431350,488361,16347,13942,0,135660379
430922,488270,16663,14145,0,138668417
430014,488985,16512,14489,0,141671473
428946,489643,16749,14662,0,144679290
428655,490125,16613,14607,0,147691098
427660,490848,16575,14917,0,150696247
425852,492698,16473,14977,0,153704026
425038,492948,16722,15292,0,156707029
423736,493966,16820,15478,0,159714489
423055,494458,16858,15629,0,162719219
421975,495097,17070,15858,0,165727543
421296,495264,17214,16226,0,168728274
420684,495852,17135,16329,0,171739973
419681,496884,17022,16413,0,174739159
418977,497398,16845,16780,0,177744894
418238,497752,16964,17046,0,180748829
416902,498812,17115,17171,0,183751847
416088,499643,17103,17166,0,186761485
414613,500834,17330,17223,0,189768414
413304,501552,17569,17575,0,192778440
412593,502061,17529,17817,0,195791916
410864,503554,17676,17906,0,198793618
409992,504309,17717,17982,0,201787539
409406,504531,17710,18353,0,204798571
408001,505384,17897,18718,0,207809114
406638,506656,17872,18834,0,210802092
405735,507576,17610,19079,0,213812280
404472,508606,17716,19206,0,216813516
403125,509332,17763,19780,0,219809708
401849,510425,17934,19792,0,222809011
400379,511756,18004,19861,0,225823927
399726,512386,17899,19989,0,228837349
398947,513063,17696,20294,0,231840427
397932,513954,17515,20599,0,234853572
397029,515217,17138,20616,0,237862884
395734,516440,17030,20796,0,240878154
394996,516957,17173,20874,0,243896442
393174,518328,17300,21198,0,246901622
392795,518686,17191,21328,0,249901372
391279,520090,17193,21438,0,252896493
389638,521390,17342,21630,0,255898666
387873,523108,17163,21856,0,258906170
386536,524280,17139,22045,0,261925802
384825,525941,16920,22314,0,264929182
383296,526989,17120,22595,0,267937506
383053,527107,17012,22828,0,270937013
382677,527519,16606,23198,0,273930638
381860,528117,16749,23274,0,276937763
380704,529424,16442,23430,0,279940378
379940,530318,16349,23393,0,282954813
379616,530666,16417,23301,0,285964470
378691,531361,16489,23459,0,288962382
377943,531996,16398,23663,0,291967216
377203,532523,16334,23940,0,294983682
375657,533971,16498,23874,0,297983988
374484,535337,16601,23578,0,300988619
373472,536212,16601,23715,0,303995253
372028,537610,16602,23760,0,307014011
371357,538251,16862,23530,0,310011628
370000,539090,17029,23881,0,313011162
369350,539398,17072,24180,0,316019222
368675,540035,17061,24229,0,319019115
368012,540582,17056,24350,0,322019195
366616,542031,17128,24225,0,325015563
365863,543018,16945,24174,0,328016939
365455,543279,16818,24448,0,331031533
364196,544622,16520,24662,0,334044511
362633,546076,16486,24805,0,337037124
361715,546708,16691,24886,0,340051596
360726,547362,16559,25353,0,343050233
359272,548772,16312,25644,0,346051824
358078,550001,16128,25793,0,349055106
357003,550582,16298,26117,0,352067373
356003,551727,16319,25951,0,355078186
354477,552814,16518,26191,0,358078639
354184,553278,16152,26386,0,361083967
353556,553709,16322,26413,0,364085632
352655,554537,16143,26665,0,367084667
351262,555875,15987,26876,0,370084707
350184,556459,16129,27228,0,373100842
349300,557155,16227,27318,0,376106613
348468,557728,16184,27620,0,379095634
347778,558601,16216,27405,0,382106681
346259,559945,16132,27664,0,385112015
344960,560825,16177,28038,0,388117872
345094,560204,16326,28376,0,391114352
343669,561309,16367,28655,0,394128277
342230,562811,16178,28781,0,397135428
340770,564335,16214,28681,0,400133540
339142,565769,16208,28881,0,403141833
337659,567023,16468,28850,0,406154021
337219,566842,16463,29476,0,409167094
335597,568204,16539,29660,0,412172493
334832,568555,16610,30003,0,415172492
333215,570010,16429,30346,0,418180646
332607,570316,16354,30723,0,421188812
331644,571103,16340,30913,0,424202381
329825,572997,16246,30932,0,427205478
328844,574064,15989,31103,0,430207711
328034,574287,16011,31668,0,433221587
326456,575612,15888,32044,0,436220811
324761,577269,15930,32040,0,439222355
323696,578575,15901,31828,0,442225774
322683,579804,15713,31800,0,445221525
321529,580658,15828,31985,0,448230840
319872,582239,15755,32134,0,451250966
318462,583157,15923,32458,0,454259929
316845,584692,15807,32656,0,457248504
315304,586007,15860,32829,0,460243571
314550,586880,15913,32657,0,463252868
313773,587287,16019,32921,0,466270394
312568,588493,16014,32925,0,469278119
311853,589027,16063,33057,0,472288301
311333,589686,15725,33256,0,475293909
310348,590942,15759,32951,0,478299861
309583,591379,15950,33088,0,481313856
308143,592017,16092,33748,0,484320445
307247,592811,15999,33943,0,487320019
306952,592922,15937,34189,0,490327614
305787,594031,15697,34485,0,493346284
305416,594107,15880,34597,0,496348046
304299,595098,15874,34729,0,499346313
303300,596169,15614,34917,0,502354189
302025,597114,15573,35288,0,505361470
301372,597882,15292,35454,0,508378372
300516,598694,15297,35493,0,511394590
300671,598569,15154,35606,0,514400738
300217,599254,15045,35484,0,517401623
299545,599990,15009,35456,0,520382542
298855,600625,14943,35577,0,523386325
298511,600805,14778,35906,0,526373557
297993,600948,14857,36202,0,529370213
297130,601742,14830,36298,0,532376435
296381,602472,14646,36501,0,535387370
295357,603410,14478,36755,0,538395291
294710,603754,14664,36872,0,541405322
293451,605118,14536,36895,0,544416761
292180,606367,14374,37079,0,547417814
292159,606443,14298,37100,0,550412625
290776,607550,14404,37270,0,553420908
289320,608845,14437,37398,0,556431237
288449,609878,14162,37511,0,559437046
287293,610951,14088,37668,0,562440997
286223,611911,14012,37854,0,565442932
285468,612642,14176,37714,0,568443686
284449,613432,14365,37754,0,571437770
283135,614751,14505,37609,0,574454506
281997,616221,14130,37652,0,577457425
280893,616765,14195,38147,0,580461048
279468,617854,14612,38066,0,583469664
277973,619354,14644,38029,0,586475590
277239,619974,14604,38183,0,589489632
276688,620607,14565,38140,0,592501740
275991,621156,14505,38348,0,595500179
275306,621611,14602,38481,0,598505080
274388,622497,14569,38546,0,601502882
273461,623196,14608,38735,0,604514364
272227,624467,14471,38835,0,607524251
271530,625113,14225,39132,0,610528019
270262,625820,14190,39728,0,613523020
269831,625991,14346,39832,0,616517123
269034,626760,14094,40112,0,619524126
268601,627412,13870,40117,0,622526478
267462,628392,13872,40274,0,625538448
266001,629686,13844,40469,0,628540343
264620,630891,13724,40765,0,631553680
264205,630959,13763,41073,0,634566340
262954,632075,13839,41132,0,637564846
262338,632564,13922,41176,0,640568320
261815,632947,14095,41143,0,643560035
260125,634532,13985,41358,0,646559641
259405,635260,13916,41419,0,649571303
258643,635916,14027,41414,0,652576093
257234,637158,14137,41471,0,655574493
256188,638311,14175,41326,0,658587081
255532,639220,14011,41237,0,661598911
255225,639312,13690,41773,0,664599033
254119,640144,13855,41882,0,667603819
253174,640739,13983,42104,0,670601564
252619,641377,13888,42116,0,673599002
251984,642094,13847,42075,0,676610261
250884,643053,13915,42148,0,679621930
250248,643636,13911,42205,0,682615032
249234,644786,13809,42171,0,685627873
248620,645435,13824,42121,0,688619498
247721,646541,13787,41951,0,691623535
247314,646807,13945,41934,0,694627009
245996,648144,13860,42000,0,697639001
244733,649344,13705,42218,0,700644994
244372,649702,13574,42352,0,703662647
243170,651040,13520,42270,0,706654471
241932,652493,13718,41857,0,709666091
241155,653062,13755,42028,0,712665338
239495,654898,13779,41828,0,715669856
238832,655711,13554,41903,0,718654906
237890,656330,13328,42452,0,721655746
236930,657073,13264,42733,0,724671625
236085,658140,13196,42579,0,727666786
236100,658328,12970,42602,0,730676532
235114,659279,12822,42785,0,733661665
234175,660195,12882,42748,0,736673403
233095,661019,12799,43087,0,739680596
232085,661646,13008,43261,0,742683587
231402,662151,12856,43591,0,745684112
230520,663195,12889,43396,0,748694308
229740,664014,12652,43594,0,751696767
228927,664389,12515,44169,0,754698681
228079,665337,12526,44058,0,757693548
227529,665861,12467,44143,0,760703506
226802,666940,12391,43867,0,763712108
225959,667917,12322,43802,0,766714974
225268,668805,12335,43592,0,769717506
223458,670253,12335,43954,0,772725771
223028,670686,12309,43977,0,775735233
222163,671732,12434,43671,0,778738829
220837,672691,12462,44010,0,781732574
219758,673895,12552,43795,0,784731394
219431,674335,12305,43929,0,787731717
218822,674985,12321,43872,0,790726700
218153,675174,12497,44176,0,793729994
217121,676231,12389,44259,0,796725737
216537,676697,12364,44402,0,799738350
215914,677006,12293,44787,0,802750331
214925,677933,12284,44858,0,805750526
214418,677877,12318,45387,0,808754583
213517,679106,12370,45007,0,811767284
212944,679206,12323,45527,0,814769356
211964,680197,12614,45225,0,817764550
211241,680832,12626,45301,0,820765365
211054,680850,12568,45528,0,823770844
210680,681580,12428,45312,0,826782190
210487,681526,12452,45535,0,829785730
210241,681876,12332,45551,0,832801295
209514,682849,12081,45556,0,835812392
208744,683828,12078,45350,0,838817113
208371,684575,11658,45396,0,841821622
208228,684601,11527,45644,0,844831020
207418,685057,11582,45943,0,847835613
206676,685569,11483,46272,0,850837177
206241,686581,11287,45891,0,853832527
205131,687749,11225,45895,0,856837906
204181,688914,11317,45588,0,859842977
203237,689816,11297,45650,0,862848332
202144,691125,11229,45502,0,865832657
201012,692398,11010,45580,0,868844925
199854,692876,11352,45918,0,871842415
199057,693528,11410,46005,0,874841522
198518,694320,11157,46005,0,877853552
197360,695374,11317,45949,0,880857746
197095,695903,11117,45885,0,883850883
196711,696249,11122,45918,0,886847787
195687,697099,11214,46000,0,889854851
195043,697604,11194,46159,0,892848553
193459,699018,11253,46270,0,895860144
192949,699408,11359,46284,0,898866945
192606,699660,11390,46344,0,901868621
192286,699824,11296,46594,0,904876004
191746,700140,11228,46886,0,907887135
190902,700761,11323,47014,0,910893818
190461,701389,11091,47059,0,913906488
189838,701881,11176,47105,0,916917469
188781,702719,11252,47248,0,919913989
188102,703675,11209,47014,0,922916698
187005,704606,11234,47155,0,925908767
186954,704895,11296,46855,0,928909614
185859,706092,11267,46782,0,931924738
184314,707762,11169,46755,0,934927364
184112,708192,11055,46641,0,937929927
183580,708782,10917,46721,0,940918410
182588,709786,10742,46884,0,943911743
182266,709792,10715,47227,0,946906366
182028,709874,10718,47380,0,949913341
180998,710462,10700,47840,0,952905786
179763,711636,10913,47688,0,955899227
178925,712307,11000,47768,0,958903930
178293,712872,11067,47768,0,961913805
177293,713658,10984,48065,0,964923692
176377,714521,10925,48177,0,967920361
175688,715427,10895,47990,0,970930274
174943,715921,10804,48332,0,973930005
174536,716311,10792,48361,0,976935452
174593,716462,10735,48210,0,979943872
173916,716644,10853,48587,0,982934301
172563,717870,10916,48651,0,985940434
171937,718693,10789,48581,0,988939604
171567,719644,10599,48190,0,991937503
171171,719975,10540,48314,0,994938557
170415,720572,10568,48445,0,997945324
169495,721322,10531,48652,0,1000948672
169001,721727,10556,48716,0,1003954183
168289,722177,10337,49197,0,1006963212
167835,722739,10256,49170,0,1009962352
166840,723463,10374,49323,0,1012956033
166569,724040,10107,49284,0,1015947111
165969,724557,10225,49249,0,1018945151
165636,724709,10366,49289,0,1021951693
165038,725418,10209,49335,0,1024954319
164547,726114,10083,49256,0,1027956466
163903,726442,10263,49392,0,1030956956
163107,727540,10258,49095,0,1033951278
162050,727858,10387,49705,0,1036959396
161380,728337,10434,49849,0,1039967797
160431,728952,10569,50048,0,1042958466
160369,728810,10531,50290,0,1045963156
159360,729870,10529,50241,0,1048975193
159092,729819,10490,50599,0,1051991273
158803,729609,10458,51130,0,1054998227
158100,730262,10459,51179,0,1058007392
158167,730657,10318,50858,0,1061019445
157911,731070,10115,50904,0,1064015593
157358,731257,9970,51415,0,1067019531
157191,731546,9987,51276,0,1070034541
156868,732073,10002,51057,0,1073034556
156111,732966,9927,50996,0,1076019517
155511,733503,9973,51013,0,1079010381
154187,735260,9967,50586,0,1082007641
153661,736082,9755,50502,0,1085009346
152876,736560,9675,50889,0,1088016405
152335,737424,9501,50740,0,1091015351
152344,737705,9395,50556,0,1094019731
151555,738225,9485,50735,0,1097019351
150750,739291,9377,50582,0,1100018997
150004,740210,9489,50297,0,1103013080
149020,741247,9610,50123,0,1106002713
148119,742260,9595,50026,0,1108985035
147466,742709,9813,50012,0,1111976413
146316,743938,9789,49957,0,1114975685
145839,744132,9849,50180,0,1117979268
145380,744410,9657,50553,0,1120981693
144959,744566,9813,50662,0,1123981940
144786,744930,9742,50542,0,1126985056
144187,745524,9644,50645,0,1129980000
143945,746406,9480,50169,0,1132975499
143986,746615,9388,50011,0,1135966439
143607,747043,9304,50046,0,1138961157
143287,747536,9300,49877,0,1141961124
142584,748352,9091,49973,0,1144956535
142315,748453,9167,50065,0,1147946864
142134,748371,9013,50482,0,1150948969
141138,749606,8923,50333,0,1153954967
139890,750868,8998,50244,0,1156956862
139512,751249,8931,50308,0,1159961374
138507,752166,9143,50184,0,1162969623
137884,752808,9161,50147,0,1165968975
137022,753126,9320,50532,0,1168968154
136769,753448,9121,50662,0,1171965665
136139,753841,9026,50994,0,1174972541
135626,754172,8972,51230,0,1177969975
135233,755072,8931,50764,0,1180975530
134861,755697,8942,50500,0,1183982902
134801,755428,9059,50712,0,1186981426
133542,756549,8724,51185,0,1189985712
132930,757000,8780,51290,0,1192977953
132617,757103,8757,51523,0,1195979908
131857,758191,8489,51463,0,1198975728
131786,758396,8504,51314,0,1201972474
130901,759275,8600,51224,0,1204979791
130666,759421,8653,51260,0,1207993784
129754,760186,8624,51436,0,1210991051
129295,760235,8630,51840,0,1213990626
128904,760877,8578,51641,0,1216981049
128556,761271,8727,51446,0,1219971055
128183,761844,8540,51433,0,1222973702
127575,762221,8637,51567,0,1225974254
126960,763111,8616,51313,0,1228972101
126491,763787,8687,51035,0,1231968865
126075,764516,8619,50790,0,1234969539
125135,765656,8564,50645,0,1237966617
124993,765736,8472,50799,0,1240976094
124738,765920,8391,50951,0,1243978231
124085,766558,8238,51119,0,1246971041
123811,767022,8187,50980,0,1249978198
122882,768047,8058,51013,0,1252974082
122362,768769,7994,50875,0,1255969217
121820,769276,7857,51047,0,1258969956
121104,770095,7944,50857,0,1261971080
120596,770686,7934,50784,0,1264963793
120203,771634,7867,50296,0,1267964668
119715,772100,7939,50246,0,1270967801
119018,772827,8000,50155,0,1273947848
118579,773432,7997,49992,0,1276945413
117945,774183,8023,49849,0,1279941119
117323,774973,7941,49763,0,1282943272
116817,775510,8005,49668,0,1285946467
116333,776181,7889,49597,0,1288945714
115701,777271,7843,49185,0,1291927290
115613,777468,7839,49080,0,1294933778
114954,777913,7821,49312,0,1297930246
114192,778426,7884,49498,0,1300928200
113399,778711,7965,49925,0,1303927279
113236,779173,7904,49687,0,1306928411
112463,780190,7857,49490,0,1309925587
112208,780637,7710,49445,0,1312923161
111818,781245,7641,49296,0,1315934246
111251,781119,7700,49930,0,1318941423
110506,781632,7595,50267,0,1321940848
109821,782219,7605,50355,0,1324934367
109170,782718,7631,50481,0,1327929409
109056,782854,7631,50459,0,1330917669
108795,783399,7586,50220,0,1333912260
108248,784056,7667,50029,0,1336907109
107779,784679,7494,50048,0,1339909935
107715,784834,7547,49904,0,1342909592
107300,785266,7498,49936,0,1345900775
107231,785422,7447,49900,0,1348899593
107022,786034,7367,49577,0,1351895185
106341,786941,7367,49351,0,1354895825
106096,787360,7260,49284,0,1357900082
105212,787889,7334,49565,0,1360897247
104608,788747,7227,49418,0,1363905948
104016,789220,7306,49458,0,1366897949
103445,790018,7089,49448,0,1369897824
102750,790391,7088,49771,0,1372895284
102135,790762,7153,49950,0,1375895112
101339,791174,7191,50296,0,1378894050
101262,791432,7240,50066,0,1381895591
100713,791627,7365,50295,0,1384902882
99739,792372,7405,50484,0,1387883071
99150,793195,7416,50239,0,1390883058
98815,793802,7099,50284,0,1393880258
98536,794232,6989,50243,0,1396873690
98157,794152,6864,50827,0,1399887276
98021,794255,6807,50917,0,1402893913
97461,794754,6815,50970,0,1405888426
97124,795026,6870,50980,0,1408887738
96410,795558,6901,51131,0,1411885440
96044,795869,6901,51186,0,1414882754
95764,796250,7002,50984,0,1417876274
95536,796420,7048,50996,0,1420879299
95153,796830,6981,51036,0,1423871801
94417,797886,6791,50906,0,1426865769
94019,798047,6843,51091,0,1429859361
93352,799098,6757,50793,0,1432847681
93111,799108,6720,51061,0,1435858659
92464,799963,6586,50987,0,1438846646
91801,800405,6510,51284,0,1441841110
91516,800654,6375,51455,0,1444845396
90731,801482,6450,51337,0,1447850031
90849,801452,6433,51266,0,1450846648
90646,802125,6443,50786,0,1453848711
90030,802793,6442,50735,0,1456847469
89731,803156,6425,50688,0,1459845136
89464,803617,6388,50531,0,1462849896
89155,803849,6296,50700,0,1465844915
88379,804672,6356,50593,0,1468838950
88071,805189,6274,50466,0,1471838339
87611,805809,6118,50462,0,1474830383
87375,806597,6024,50004,0,1477820774
87126,806673,6015,50186,0,1480815437
86891,807438,5989,49682,0,1483807947
86568,807702,5927,49803,0,1486802482
86219,807952,6064,49765,0,1489806495
85937,808039,6133,49891,0,1492800608
85338,808774,6202,49686,0,1495791808
84592,809272,6155,49981,0,1498786247
84101,809426,6377,50096,0,1501780193
83578,809678,6402,50342,0,1504775018
83075,810034,6386,50505,0,1507759639
82222,810769,6475,50534,0,1510761077
82041,810931,6472,50556,0,1513754976
81888,811282,6288,50542,0,1516770921
82156,811548,6283,50013,0,1519768867
82139,811777,6164,49920,0,1522773400
81921,812260,6094,49725,0,1525777008
81487,813103,6080,49330,0,1528775047
81161,813661,5908,49270,0,1531769976
80629,813860,6001,49510,0,1534765587
80137,814639,5966,49258,0,1537757537
79341,815549,5915,49195,0,1540760513
79387,815631,5871,49111,0,1543753892
79407,815347,5929,49317,0,1546755592
79049,815551,6074,49326,0,1549744256
78795,815641,6095,49469,0,1552751654
78317,815920,6134,49629,0,1555754789
78007,816625,6036,49332,0,1558748943
77638,817500,5935,48927,0,1561758797
77561,817295,5807,49337,0,1564760596
77169,817708,5582,49541,0,1567757926
76550,818409,5611,49430,0,1570766251
75956,819017,5623,49404,0,1573767352
75526,819587,5679,49208,0,1576768853
74944,820325,5606,49125,0,1579768667
74802,820559,5584,49055,0,1582771869
74511,820964,5621,48904,0,1585768039
73773,821980,5555,48692,0,1588750187
73721,822167,5462,48650,0,1591739375
73224,823170,5369,48237,0,1594740379
72829,823535,5358,48278,0,1597743863
72311,824112,5312,48265,0,1600738679
71901,824425,5193,48481,0,1603742665
71458,824772,5245,48525,0,1606744531
70941,824896,5291,48872,0,1609752952
70824,825651,5147,48378,0,1612751820
70693,825893,5191,48223,0,1615750516
70254,826080,5216,48450,0,1618753727
69842,826881,5129,48148,0,1621757015
69768,827041,5006,48185,0,1624756771
69528,827033,4881,48558,0,1627748827
69244,827516,4829,48411,0,1630742886
68526,828492,4916,48066,0,1633741418
68360,828353,4898,48389,0,1636744406
68110,828749,4915,48226,0,1639744008
67911,828971,4983,48135,0,1642745160
67714,829648,4897,47741,0,1645743816
67257,829681,4976,48086,0,1648742751
66734,830224,5035,48007,0,1651737988
66151,830647,4976,48226,0,1654737728
65601,831443,5098,47858,0,1657730546
65463,831794,4839,47904,0,1660732684
65070,832747,4775,47408,0,1663725268
64716,832819,4825,47640,0,1666715238
63986,833887,4930,47197,0,1669712306
63433,834255,4885,47427,0,1672714594
62954,834572,4908,47566,0,1675709784
62698,834932,4950,47420,0,1678716813
62440,835015,4951,47594,0,1681712611
62310,834944,4957,47789,0,1684703171
61862,835480,4927,47731,0,1687705121
61508,836066,4902,47524,0,1690693716
61206,836169,4916,47709,0,1693695811
61061,836146,4784,48009,0,1696699465
60677,836867,4543,47913,0,1699705173
60511,836966,4498,48025,0,1702699999
60555,837195,4430,47820,0,1705697996
60342,837549,4388,47721,0,1708698135
60172,837566,4343,47919,0,1711691355
59997,837837,4337,47829,0,1714690263
59399,838942,4358,47301,0,1717694472
59098,839360,4410,47132,0,1720683409
59179,839641,4264,46916,0,1723685286
58775,840156,4281,46788,0,1726679592
58207,840837,4342,46614,0,1729665490
57755,841114,4328,46803,0,1732664993
57627,841081,4307,46985,0,1735659168
57357,841399,4268,46976,0,1738663214
57174,841500,4317,47009,0,1741659841
56912,841948,4259,46881,0,1744666580
56548,841956,4322,47174,0,1747665524
56297,842375,4298,47030,0,1750655048
55877,842650,4392,47081,0,1753652121
55233,843083,4430,47254,0,1756664203
54762,843243,4382,47613,0,1759651871
54736,843293,4241,47730,0,1762650427
54342,843583,4208,47867,0,1765653192
54143,843995,4230,47632,0,1768642096
53882,843904,4188,48026,0,1771636659
53356,844445,4180,48019,0,1774625188
53035,844685,4171,48109,0,1777619856
52562,845209,4106,48123,0,1780637581
52331,845686,4096,47887,0,1783640265
51999,845700,4106,48195,0,1786634728
51906,846103,4177,47814,0,1789634880
51534,846104,4146,48216,0,1792633302
51228,846104,4209,48459,0,1795629925
50752,846616,4139,48493,0,1798620755
50316,846987,4103,48594,0,1801619539
49833,847753,4150,48264,0,1804623368
49772,847511,4051,48666,0,1807618383
49472,847690,4073,48765,0,1810611121
48919,848167,4132,48782,0,1813607122
48446,848432,4266,48856,0,1816601834
48337,848735,4187,48741,0,1819586982
47698,848991,4197,49114,0,1822585982
47374,849397,4217,49012,0,1825585235
46901,850327,4049,48723,0,1828589329
46414,850378,4017,49191,0,1831584780
46059,850330,4043,49568,0,1834573538
45996,850227,4014,49763,0,1837570997
45729,850375,4022,49874,0,1840556606
45642,850491,4060,49807,0,1843552009
45825,850480,4026,49669,0,1846553810
45534,850642,3961,49863,0,1849549505
44937,851086,3930,50047,0,1852543300
44569,851423,3837,50171,0,1855534903
44443,851945,3828,49784,0,1858537803
44180,852581,3745,49494,0,1861536269
43748,853273,3567,49412,0,1864529672
43629,853391,3602,49378,0,1867524043
43274,853326,3604,49796,0,1870510851
43382,853366,3588,49664,0,1873518706
43216,853514,3632,49638,0,1876515490
43086,853477,3667,49770,0,1879514324
42743,854023,3563,49671,0,1882509947
42679,854203,3605,49513,0,1885496261
42683,854718,3609,48990,0,1888485372
42237,855882,3386,48495,0,1891482871
41757,856252,3477,48514,0,1894476064
41644,856573,3425,48358,0,1897473595
41368,856516,3405,48711,0,1900470971
40962,856476,3413,49149,0,1903461564
40666,856823,3494,49017,0,1906455635
40422,857454,3591,48533,0,1909451147
40007,858058,3632,48303,0,1912461637
39547,858858,3609,47986,0,1915450236
39543,859208,3655,47594,0,1918456342
39153,859538,3611,47698,0,1921456781
38961,859644,3669,47726,0,1924462047
38771,859707,3657,47865,0,1927441106
38620,859679,3670,48031,0,1930445197
38359,860195,3702,47744,0,1933447951
38043,860813,3666,47478,0,1936453690
37846,860851,3562,47741,0,1939455275
37830,860920,3425,47825,0,1942447147
37710,860789,3465,48036,0,1945443401
37642,860590,3482,48286,0,1948426435
37329,860801,3480,48390,0,1951440274
37364,860933,3321,48382,0,1954447417
36937,861480,3268,48315,0,1957435663
36719,862123,3330,47828,0,1960436165
36431,862484,3321,47764,0,1963434648
36448,862670,3359,47523,0,1966435569
36240,863079,3197,47484,0,1969436325
36094,863155,3184,47567,0,1972441294
36070,863156,3180,47594,0,1975436804
35588,863635,3272,47505,0,1978443072
35573,863913,3232,47282,0,1981435789
35300,863922,3191,47587,0,1984430717
34652,864762,3280,47306,0,1987422590
34673,864899,3266,47162,0,1990412521
34381,865035,3272,47312,0,1993397990
33934,865089,3275,47702,0,1996386351
33721,865295,3312,47672,0,1999364970
33688,865033,3344,47935,0,2002371807
33517,864781,3247,48455,0,2005364918
33342,865068,3234,48356,0,2008365164
33636,864650,3097,48617,0,2011350109
33412,865275,3039,48274,0,2014350760
33002,865895,2968,48135,0,2017345253
32937,866065,3014,47984,0,2020355693
32871,866589,2936,47604,0,2023364764
32746,866390,2903,47961,0,2026362442
32353,866401,2821,48425,0,2029365611
32200,866517,2784,48499,0,2032366955
32052,866729,2755,48464,0,2035364177
31963,866765,2696,48576,0,2038361096
31972,867596,2625,47807,0,2041352808
31915,867989,2571,47525,0,2044339963
31545,868328,2676,47451,0,2047336432
31293,868270,2649,47788,0,2050338035
31283,868428,2645,47644,0,2053344661
31126,868480,2539,47855,0,2056351971
31044,868368,2669,47919,0,2059353224
30774,868940,2592,47694,0,2062342325
30623,869320,2613,47444,0,2065334208
30779,869461,2702,47058,0,2068327853
30781,869603,2651,46965,0,2071312570
30575,869849,2632,46944,0,2074298856
30511,870029,2690,46770,0,2077291991
30298,870009,2791,46902,0,2080283350
29950,870719,2732,46599,0,2083273415
29971,870716,2626,46687,0,2086272476
29440,871591,2560,46409,0,2089269886
29482,872020,2484,46014,0,2092265762
29180,871901,2601,46318,0,2095268043
28962,872155,2497,46386,0,2098272315
28851,872039,2513,46597,0,2101279463
28629,872562,2456,46353,0,2104281681
28173,872914,2389,46524,0,2107272659
28187,873232,2323,46258,0,2110274203
28034,873390,2265,46311,0,2113266811
27863,873706,2174,46257,0,2116265284
27492,874164,2165,46179,0,2119252248
27280,874334,2173,46213,0,2122233287
26986,874321,2243,46450,0,2125219624
26952,874390,2232,46426,0,2128228373
26605,874536,2339,46520,0,2131228652
26445,874710,2317,46528,0,2134224613
26294,875099,2287,46320,0,2137224642
26058,875129,2423,46390,0,2140222013
26181,874867,2388,46564,0,2143228153
25781,875496,2296,46427,0,2146225552
25573,875991,2221,46215,0,2149218074
25256,876402,2250,46092,0,2152215224
25225,876694,2203,45878,0,2155218676
25155,876801,2205,45839,0,2158213296
25050,877163,2183,45604,0,2161206749
25151,876996,2254,45599,0,2164199491
25276,877035,2212,45477,0,2167188716
25065,877016,2254,45665,0,2170185656
24760,877797,2206,45237,0,2173169330
24830,877313,2180,45677,0,2176176057
24712,877100,2142,46046,0,2179165589
24645,876688,2143,46524,0,2182171082
24637,876765,2051,46547,0,2185164589
24544,876447,2079,46930,0,2188165672
24462,876480,2048,47010,0,2191156163
24332,876455,1984,47229,0,2194165827
24115,876956,1963,46966,0,2197173120
24057,876868,2004,47071,0,2200167481
23763,877085,2005,47147,0,2203166999
23692,876973,2037,47298,0,2206167763
23633,877109,2053,47205,0,2209168245
23631,877113,1952,47304,0,2212164667
23480,877558,1991,46971,0,2215168489
23625,877654,1950,46771,0,2218161154
23448,877741,1914,46897,0,2221164420
23231,878388,1803,46578,0,2224161304
23130,878566,1744,46560,0,2227160346
23059,878719,1764,46458,0,2230164193
23039,878515,1763,46683,0,2233161247
22918,878971,1807,46304,0,2236166577
22913,879046,1810,46231,0,2239172861
22865,879202,1880,46053,0,2242173320
22638,879494,1838,46030,0,2245172660
22622,879636,1794,45948,0,2248156810
22480,879940,1867,45713,0,2251150951
22346,880352,1816,45486,0,2254146495
22175,880475,1946,45404,0,2257142906
22055,880388,1904,45653,0,2260137630
21931,880609,1848,45612,0,2263140458
21575,881298,1853,45274,0,2266128744
21654,881370,1811,45165,0,2269129831
21467,881434,1835,45264,0,2272120719
21140,881902,1862,45096,0,2275120388
21117,882278,1779,44826,0,2278113062
20953,882634,1691,44722,0,2281106002
20866,882517,1666,44951,0,2284095228
20694,882695,1685,44926,0,2287091139
20610,882929,1684,44777,0,2290094854
20397,882855,1707,45041,0,2293096697
20188,883247,1720,44845,0,2296101842
20296,883181,1721,44802,0,2299095982
20211,883088,1729,44972,0,2302096680
19978,883319,1685,45018,0,2305089455
19772,883353,1725,45150,0,2308073931
19670,883169,1749,45412,0,2311065045
19520,883579,1660,45241,0,2314053134
19236,883680,1681,45403,0,2317040098
19072,884111,1652,45165,0,2320027766
18914,884711,1607,44768,0,2323009329
18631,884812,1614,44943,0,2326016402
18517,884908,1569,45006,0,2329015046
18350,885326,1575,44749,0,2332002718
18344,885140,1555,44961,0,2335000432
18220,884996,1515,45269,0,2338002080
18122,884692,1556,45630,0,2340998968
18108,884658,1578,45656,0,2343988541
17751,884815,1650,45784,0,2346991434
17571,885172,1651,45606,0,2349971881
17555,885202,1587,45656,0,2352968096
17358,885252,1521,45869,0,2355963933
17248,885416,1520,45816,0,2358952958
17226,885315,1518,45941,0,2361953240
17263,885659,1517,45561,0,2364951449
17328,885603,1504,45565,0,2367960991
17119,886067,1527,45287,0,2370952226
16958,886566,1514,44962,0,2373952714
17059,886053,1421,45467,0,2376954438
16842,886465,1453,45240,0,2379946804
16704,886220,1401,45675,0,2382946949
16654,886443,1338,45565,0,2385931413
16527,886418,1303,45752,0,2388921852
16473,886615,1282,45630,0,2391912275
16491,886902,1304,45303,0,2394917583
16446,886847,1308,45399,0,2397912567
16200,886721,1326,45753,0,2400910631
16231,886663,1247,45859,0,2403902147
16189,886595,1255,45961,0,2406894193
15994,886856,1344,45806,0,2409902867
15872,886715,1370,46043,0,2412898736
15816,886423,1372,46389,0,2415911644
15571,886900,1394,46135,0,2418902235
15521,886908,1446,46125,0,2421901205
15495,887264,1388,45853,0,2424889536
15424,887416,1403,45757,0,2427887888
15323,887465,1355,45857,0,2430888245
15244,887293,1345,46118,0,2433876944
15224,887025,1422,46329,0,2436876006
15131,887228,1368,46273,0,2439867303
14896,887348,1348,46408,0,2442858987
14995,887502,1350,46153,0,2445846649
14824,887651,1338,46187,0,2448840121
14639,887975,1348,46038,0,2451845628
14696,887859,1369,46076,0,2454836155
14628,888024,1325,46023,0,2457822937
14449,887998,1386,46167,0,2460811360
14289,888076,1394,46241,0,2463791791
14140,888438,1367,46055,0,2466788265
14017,888604,1317,46062,0,2469778499
13995,888903,1275,45827,0,2472778008
13912,889068,1263,45757,0,2475770015
13638,889341,1235,45786,0,2478763192
13582,889254,1171,45993,0,2481756884
13620,889621,1262,45497,0,2484761849
13494,889321,1277,45908,0,2487753640
13324,889406,1326,45944,0,2490748349
13019,889549,1348,46084,0,2493753625
13000,889599,1337,46064,0,2496741764
12933,889561,1246,46260,0,2499741773
12836,890067,1203,45894,0,2502749110
12615,889626,1262,46497,0,2505734448
12526,889630,1304,46540,0,2508729088
12639,889259,1315,46787,0,2511716219
12505,888848,1287,47360,0,2514720106
12262,889280,1277,47181,0,2517717587
12211,888969,1331,47489,0,2520706543
12326,888865,1315,47494,0,2523705138
12275,889213,1301,47211,0,2526705975
12293,889011,1305,47391,0,2529699000
12186,889107,1298,47409,0,2532697810
12154,889146,1264,47436,0,2535693704
12033,889476,1249,47242,0,2538689490
12078,889443,1295,47184,0,2541690867
12031,889571,1285,47113,0,2544670900
12004,889405,1289,47302,0,2547662807
12024,889722,1279,46975,0,2550665104
11967,889745,1309,46979,0,2553653900
11920,890088,1299,46693,0,2556668016
11896,889781,1276,47047,0,2559669424
11851,890237,1259,46653,0,2562658554
11695,890328,1297,46680,0,2565645284
11367,890189,1311,47133,0,2568634576
11331,890205,1294,47170,0,2571635171
11216,890360,1299,47125,0,2574636617
11154,890856,1295,46695,0,2577640193
10964,891078,1302,46656,0,2580639876
10747,891699,1316,46238,0,2583639689
10658,892065,1272,46005,0,2586636689
10660,892536,1214,45590,0,2589633441
10445,892975,1205,45375,0,2592625655
10478,893004,1227,45291,0,2595616936
10301,893540,1244,44915,0,2598611344
10260,893901,1246,44593,0,2601598997
10207,894096,1243,44454,0,2604587661
10159,894054,1249,44538,0,2607579979
10093,893943,1285,44679,0,2610575967
10050,893730,1300,44920,0,2613572633
9989,893975,1298,44738,0,2616570207
9929,894208,1297,44566,0,2619564564
10018,894027,1278,44677,0,2622561825
9946,894214,1251,44589,0,2625546652
9921,894711,1195,44173,0,2628551176
9829,894664,1277,44230,0,2631553210
9627,894983,1290,44100,0,2634550247
9775,894745,1241,44239,0,2637542370
9780,894595,1260,44365,0,2640532278
9760,894932,1316,43992,0,2643528636
9941,894855,1229,43975,0,2646525497
9855,894933,1214,43998,0,2649513222
9606,894873,1220,44301,0,2652492312
9511,895328,1197,43964,0,2655490169
9489,895260,1243,44008,0,2658472290
9553,895096,1236,44115,0,2661470094
9499,894968,1201,44332,0,2664459592
9430,895020,1139,44411,0,2667461272
9491,895164,1186,44159,0,2670460631
9428,895349,1163,44060,0,2673457428
9250,895506,1163,44081,0,2676447022
9120,895678,1139,44063,0,2679434289
8963,895576,1101,44360,0,2682426805
8824,895466,1065,44645,0,2685437228
8741,895436,1145,44678,0,2688434149
8786,895476,1127,44611,0,2691430548
8687,895742,1161,44410,0,2694422535
8580,895896,1162,44362,0,2697413462
8436,895919,1129,44516,0,2700394331
8403,896369,1092,44136,0,2703398817
8442,895978,1032,44548,0,2706394770
8383,896318,1041,44258,0,2709388598
8425,896053,1027,44495,0,2712387518
8213,896144,1030,44613,0,2715383520
8093,896248,1070,44589,0,2718380179
8151,896267,1062,44520,0,2721375632
8157,895972,1069,44802,0,2724367196
8308,896348,1025,44319,0,2727357786
8329,896071,1022,44578,0,2730350166
8259,896090,1026,44625,0,2733351285
8170,896072,983,44775,0,2736342906
8144,895875,939,45042,0,2739345086
8238,896009,967,44786,0,2742341403
8127,896195,976,44702,0,2745338775
8088,896106,956,44850,0,2748340236
8044,896225,963,44768,0,2751321229
7997,896354,962,44687,0,2754313267
8056,896321,917,44706,0,2757319231
8085,896538,906,44471,0,2760316915
8075,896684,887,44354,0,2763310534
8061,897114,876,43949,0,2766297809
7926,897169,883,44022,0,2769296688
7901,897235,847,44017,0,2772295432
7914,896831,890,44365,0,2775285943
7872,896974,848,44306,0,2778283998
7914,896714,843,44529,0,2781282514
7885,896852,815,44448,0,2784279527
7835,896667,782,44716,0,2787262398
7827,896943,774,44456,0,2790253662
7818,897158,729,44295,0,2793243541
7767,897284,748,44201,0,2796232457
7866,896599,783,44752,0,2799229165
7749,896825,822,44604,0,2802209209
7581,897272,811,44336,0,2805202059
7601,897648,869,43882,0,2808196545
7629,897876,838,43657,0,2811196810
7629,897666,808,43897,0,2814198232
7532,897828,835,43805,0,2817192575
7370,897599,849,44182,0,2820189391
7422,897343,877,44358,0,2823183958
7457,897374,862,44307,0,2826183366
7361,897727,796,44116,0,2829190506
7320,897598,829,44253,0,2832179042
7325,897812,831,44032,0,2835169343
7246,897644,784,44326,0,2838159594
7286,897947,798,43969,0,2841155118
7299,898059,760,43882,0,2844151082
7435,898112,716,43737,0,2847148439
7389,898361,741,43509,0,2850140402
7419,898850,747,42984,0,2853147943
7356,898650,756,43238,0,2856155575
7407,898710,729,43154,0,2859149481
7384,898688,743,43185,0,2862145871
7369,898549,813,43269,0,2865142291
7268,898477,850,43405,0,2868141937
7245,898501,771,43483,0,2871143501
7281,898288,728,43703,0,2874144877
7100,898217,774,43909,0,2877140368
6996,898196,830,43978,0,2880120314
6986,898226,893,43895,0,2883116712
6923,898297,884,43896,0,2886115071
6796,898331,934,43939,0,2889120522
6771,898136,946,44147,0,2892117925
6743,898232,850,44175,0,2895105498
6796,897855,865,44484,0,2898109531
6729,898200,865,44206,0,2901098976
6647,898165,869,44319,0,2904089780
6679,898231,835,44255,0,2907092188
6575,898217,868,44340,0,2910099686
6461,898257,854,44428,0,2913094620
6343,898785,867,44005,0,2916098469
6392,898845,883,43880,0,2919085689
6283,899081,809,43827,0,2922086782
6389,898943,713,43955,0,2925085528
6404,898756,654,44186,0,2928085731
6422,899166,618,43794,0,2931081620
6422,899127,619,43832,0,2934078682
6384,898873,639,44104,0,2937066376
6502,899039,632,43827,0,2940061804
6511,898920,630,43939,0,2943056699
6402,898938,623,44037,0,2946051345
6346,899366,592,43696,0,2949045149
6287,899421,606,43686,0,2952047976
6337,899263,637,43763,0,2955047015
6319,899508,572,43601,0,2958045134
6261,899681,591,43467,0,2961041000
6245,900005,638,43112,0,2964042188
6090,899714,628,43568,0,2967041383
6065,899604,626,43705,0,2970038698
6004,899632,600,43764,0,2973032424
6017,899616,620,43747,0,2976026387
6147,899373,605,43875,0,2979016653
6198,898704,584,44514,0,2982014896
6120,898932,606,44342,0,2984999818
6069,899052,621,44258,0,2988003813
6090,898888,608,44414,0,2991012629
5919,899120,561,44400,0,2994015692
5896,899081,632,44391,0,2997022649
5824,899106,645,44425,0,3000021096
5791,899530,621,44058,0,3003018534
5790,899494,588,44128,0,3006020287
5754,899576,601,44069,0,3009002060
5603,899632,619,44146,0,3011990848
5487,899730,648,44135,0,3014998482
5443,899908,621,44028,0,3017992979
5473,899815,597,44115,0,3020988700
5425,899980,620,43975,0,3023974377
5466,899970,619,43945,0,3026983714
5309,899874,584,44233,0,3029986717
5325,899455,593,44627,0,3032986331
5249,899420,559,44772,0,3035980763
5271,899776,554,44399,0,3038982533
5363,900024,536,44077,0,3041966266
5385,899971,535,44109,0,3044963654
5390,899980,572,44058,0,3047953400
5341,900210,618,43831,0,3050942282
5383,900054,602,43961,0,3053931508
5353,900320,569,43758,0,3056936854
5307,900352,612,43729,0,3059932829
5378,900156,612,43854,0,3062923836
5331,900051,620,43998,0,3065915864
5303,900166,662,43869,0,3068915103
5282,899964,701,44053,0,3071918093
5308,899890,675,44127,0,3074914915
5298,900081,685,43936,0,3077913942
5293,899983,695,44029,0,3080896748
5207,900377,679,43737,0,3083883341
5102,900734,640,43524,0,3086887311
5104,900991,653,43252,0,3089880292
5072,900772,680,43476,0,3092880613
5061,900787,681,43471,0,3095877400
5049,900756,680,43515,0,3098865255
4956,900015,652,44377,0,3101865440
4854,899767,712,44667,0,3104867144
4930,899476,637,44957,0,3107858121
4849,899694,635,44822,0,3110852821
4832,899908,620,44640,0,3113844151
4778,899682,597,44943,0,3116831024
4655,899685,562,45098,0,3119823283
4645,899521,583,45251,0,3122810110
4676,899478,585,45261,0,3125794104
4688,899512,554,45246,0,3128786057
4560,899819,566,45055,0,3131774768
4464,900260,551,44725,0,3134775270
4493,900424,511,44572,0,3137769890
4417,900726,564,44293,0,3140771282
4351,900708,530,44411,0,3143758815
4390,900674,529,44407,0,3146754932
4349,900880,498,44273,0,3149740021
4282,900800,538,44380,0,3152744680
4205,900991,556,44248,0,3155734038
4189,901147,525,44139,0,3158729295
4190,901258,481,44071,0,3161724276
4097,901307,458,44138,0,3164729506
4063,901228,473,44236,0,3167738125
3995,901607,489,43909,0,3170727561
4012,901696,487,43805,0,3173718405
3952,901833,506,43709,0,3176708252
4003,901337,488,44172,0,3179707406
3919,901338,514,44229,0,3182718115
3869,901566,491,44074,0,3185716589
3892,901891,484,43733,0,3188722518
3934,901878,497,43691,0,3191714271
3909,901880,484,43727,0,3194719229
3959,901936,427,43678,0,3197715552
3904,901902,425,43769,0,3200705845
3872,902006,418,43704,0,3203697319
3894,902223,416,43467,0,3206696969
3719,901828,392,44061,0,3209690287
3692,902164,421,43723,0,3212675010
3767,902108,408,43717,0,3215674367
3758,901976,427,43839,0,3218667416
3770,901860,416,43954,0,3221661570
3820,901893,386,43901,0,3224663894
