"recipients","donors","transconjugants","segregadas","adaptations_number","cycle"
"1",948799,1189,3,9,0,6348388
"2",948806,1176,7,11,0,9432607
"3",948751,1221,16,12,0,12431316
"4",948759,1210,13,18,0,15439007
"5",948719,1246,14,21,0,18431136
"6",948762,1189,21,28,0,21426413
"7",948731,1214,22,33,0,24420519
"8",948705,1246,19,30,0,27418206
"9",948696,1244,28,32,0,30418181
"10",948693,1244,40,23,0,33410698
"11",948689,1254,35,22,0,36404651
"12",948653,1291,38,18,0,39388882
"13",948617,1326,36,21,0,42382782
"14",948633,1308,41,18,0,45378992
"15",948632,1314,36,18,0,48373925
"16",948585,1377,22,16,0,51366829
"17",948572,1396,21,11,0,54368519
"18",948557,1418,14,11,0,57357079
"19",948600,1375,15,10,0,60358970
"20",948601,1372,18,9,0,63354987
"21",948622,1352,18,8,0,66357882
"22",948617,1355,18,10,0,69354029
"23",948602,1379,16,3,0,72344028
"24",948588,1395,15,2,0,75351177
"25",948564,1412,22,2,0,78361063
"26",948605,1369,23,3,0,81360976
"27",948599,1369,32,0,0,84354136
"28",948593,1378,28,1,0,87355125
"29",948598,1367,34,1,0,90352859
"30",948631,1332,35,2,0,93353635
"31",948615,1340,42,3,0,96355432
"32",948622,1343,32,3,0,99338836
"33",948628,1334,32,6,0,102329243
"34",948613,1346,37,4,0,105325089
"35",948626,1330,42,2,0,108310156
"36",948604,1352,36,8,0,111308980
"37",948577,1379,38,6,0,114305432
"38",948595,1355,44,6,0,117302179
"39",948569,1376,51,4,0,120300338
"40",948578,1370,45,7,0,123302773
"41",948582,1364,45,9,0,126287711
"42",948596,1348,48,8,0,129280293
"43",948578,1370,42,10,0,132285088
"44",948574,1379,39,8,0,135283306
"45",948609,1337,44,10,0,138281915
"46",948595,1345,45,15,0,141268738
"47",948535,1400,51,14,0,144261941
"48",948515,1428,45,12,0,147261674
"49",948528,1435,29,8,0,150244609
"50",948482,1485,32,1,0,153236111
"51",948466,1491,43,0,0,156242179
"52",948444,1524,30,2,0,159239659
"53",948402,1557,33,8,0,162226707
"54",948416,1545,33,6,0,165231724
"55",948401,1549,44,6,0,168216005
"56",948386,1555,55,4,0,171196448
"57",948360,1577,58,5,0,174196667
"58",948312,1624,62,2,0,177188415
"59",948322,1607,63,8,0,180177292
"60",948290,1646,51,13,0,183179224
"61",948297,1633,59,11,0,186165545
"62",948259,1676,54,11,0,189155858
"63",948239,1705,43,13,0,192150905
"64",948225,1719,40,16,0,195145941
"65",948113,1826,45,16,0,198138864
"66",948068,1850,53,29,0,201138487
"67",948039,1868,61,32,0,204137138
"68",948031,1863,65,41,0,207134394
"69",947981,1901,70,48,0,210140420
"70",948044,1841,59,56,0,213122371
"71",948017,1872,61,50,0,216118441
"72",948019,1868,57,56,0,219117629
"73",948022,1859,58,61,0,222102114
"74",947976,1897,68,59,0,225093132
"75",948016,1888,50,46,0,228087543
"76",947991,1909,53,47,0,231086114
"77",947927,1983,52,38,0,234081752
"78",947876,2042,50,32,0,237082163
"79",947865,2057,46,32,0,240084869
"80",947855,2054,52,39,0,243078307
"81",947861,2053,39,47,0,246068996
"82",947776,2146,38,40,0,249057279
"83",947803,2106,44,47,0,252043707
"84",947764,2146,51,39,0,255041616
"85",947775,2141,54,30,0,258036376
"86",947766,2136,63,35,0,261033489
"87",947743,2154,68,35,0,264031447
"88",947762,2138,61,39,0,267027491
"89",947763,2129,73,35,0,270023061
"90",947733,2143,79,45,0,273017384
"91",947741,2156,69,34,0,276005931
"92",947713,2177,64,46,0,278996263
"93",947729,2152,69,50,0,281987297
"94",947785,2094,72,49,0,284983899
"95",947805,2095,49,51,0,287971609
"96",947759,2136,49,56,0,290971735
"97",947800,2095,42,63,0,293967169
"98",947780,2116,42,62,0,296955894
"99",947786,2097,49,68,0,299949265
"100",947776,2121,47,56,0,302949433
"101",947794,2096,36,74,0,305952790
"102",947806,2080,39,75,0,308960698
"103",947776,2089,58,77,0,311954897
"104",947748,2096,82,74,0,314956401
"105",947740,2125,68,67,0,317952037
"106",947775,2070,64,91,0,320948572
"107",947831,1998,75,96,0,323938128
"108",947818,2026,67,89,0,326938059
"109",947784,2063,61,92,0,329922955
"110",947762,2106,45,87,0,332905931
"111",947692,2150,59,99,0,335900469
"112",947670,2156,47,127,0,338906783
"113",947635,2181,59,125,0,341904790
"114",947538,2303,48,111,0,344894289
"115",947524,2340,47,89,0,347884632
"116",947481,2393,34,92,0,350884937
"117",947526,2373,31,70,0,353882523
"118",947499,2376,51,74,0,356869960
"119",947462,2419,43,76,0,359869215
"120",947433,2446,56,65,0,362864666
"121",947450,2440,59,51,0,365868589
"122",947467,2425,56,52,0,368856133
"123",947468,2423,41,68,0,371834637
"124",947492,2397,49,62,0,374829957
"125",947449,2429,52,70,0,377845586
"126",947427,2465,44,64,0,380842729
"127",947471,2402,57,70,0,383843004
"128",947414,2443,67,76,0,386830539
"129",947382,2470,60,88,0,389831888
"130",947318,2509,68,105,0,392817451
"131",947337,2509,55,99,0,395800581
"132",947321,2507,65,107,0,398794161
"133",947299,2535,70,96,0,401797065
"134",947246,2559,82,113,0,404798122
"135",947258,2549,79,114,0,407795635
"136",947259,2548,69,124,0,410796123
"137",947198,2608,74,120,0,413816004
"138",947194,2595,82,129,0,416810183
"139",947170,2612,84,134,0,419804662
"140",947124,2660,78,138,0,422795886
"141",947132,2679,74,115,0,425795523
"142",947092,2702,88,118,0,428779407
"143",947048,2742,79,131,0,431773296
"144",947079,2686,88,147,0,434764288
"145",947125,2672,70,133,0,437757020
"146",947121,2683,72,124,0,440756905
"147",947084,2711,76,129,0,443746354
"148",947091,2688,83,138,0,446745146
"149",947061,2724,100,115,0,449743522
"150",946984,2806,77,133,0,452738643
"151",947001,2781,88,130,0,455735216
"152",947014,2779,66,141,0,458728880
"153",946938,2853,60,149,0,461723839
"154",946981,2786,70,163,0,464718470
"155",946980,2817,65,138,0,467703779
"156",946995,2799,66,140,0,470685951
"157",946966,2807,83,144,0,473684725
"158",946899,2884,76,141,0,476680573
"159",946880,2902,85,133,0,479678167
"160",946742,3035,83,140,0,482672793
"161",946708,3085,72,135,0,485661164
"162",946712,3086,61,141,0,488664658
"163",946694,3099,56,151,0,491652701
"164",946686,3090,53,171,0,494646025
"165",946769,3010,68,153,0,497632125
"166",946689,3083,65,163,0,500626440
"167",946663,3136,56,145,0,503619341
"168",946655,3129,58,158,0,506610860
"169",946604,3157,64,175,0,509608932
"170",946534,3234,77,155,0,512603553
"171",946540,3246,73,141,0,515589452
"172",946582,3205,65,148,0,518581156
"173",946625,3179,59,137,0,521573464
"174",946605,3207,46,142,0,524579924
"175",946580,3242,41,137,0,527580356
"176",946600,3199,55,146,0,530583146
"177",946575,3216,64,145,0,533582073
"178",946563,3227,68,142,0,536568991
"179",946597,3191,64,148,0,539558474
"180",946646,3143,66,145,0,542559052
"181",946554,3229,60,157,0,545551105
"182",946576,3192,58,174,0,548542475
"183",946541,3226,57,176,0,551540106
"184",946513,3240,46,201,0,554534115
"185",946506,3240,48,206,0,557526327
"186",946430,3310,58,202,0,560532342
"187",946447,3261,67,225,0,563528008
"188",946446,3259,61,234,0,566522969
"189",946440,3245,66,249,0,569508759
"190",946407,3267,64,262,0,572494392
"191",946371,3308,56,265,0,575485387
"192",946431,3281,41,247,0,578474967
"193",946380,3318,51,251,0,581469908
"194",946357,3318,56,269,0,584459581
"195",946285,3405,53,257,0,587455191
"196",946240,3459,55,246,0,590439170
"197",946287,3430,59,224,0,593432701
"198",946222,3480,60,238,0,596424209
"199",946249,3446,65,240,0,599417591
"200",946254,3454,70,222,0,602419403
"201",946251,3447,86,216,0,605421295
"202",946227,3450,89,234,0,608408250
"203",946198,3495,78,229,0,611398117
"204",946130,3534,84,252,0,614387961
"205",946152,3491,82,275,0,617380047
"206",946201,3442,75,282,0,620362824
"207",946227,3417,82,274,0,623356348
"208",946199,3441,88,272,0,626343895
"209",946215,3425,80,280,0,629340283
"210",946274,3360,65,301,0,632337048
"211",946229,3377,66,328,0,635324428
"212",946240,3398,56,306,0,638312817
"213",946167,3432,77,324,0,641310956
"214",946194,3424,61,321,0,644300863
"215",946177,3434,70,319,0,647292560
"216",946148,3452,83,317,0,650287694
"217",946168,3445,96,291,0,653279828
"218",946125,3461,93,321,0,656278801
"219",946154,3426,106,314,0,659276827
"220",946148,3445,91,316,0,662264209
"221",946098,3486,109,307,0,665252780
"222",946101,3492,96,311,0,668236298
"223",946088,3506,95,311,0,671230629
"224",946044,3569,80,307,0,674214873
"225",946013,3598,74,315,0,677224737
"226",945992,3599,68,341,0,680230217
"227",946053,3576,58,313,0,683224352
"228",946009,3595,59,337,0,686223748
"229",946091,3523,55,331,0,689225314
"230",946096,3528,64,312,0,692224633
"231",945961,3655,73,311,0,695212541
"232",945904,3695,77,324,0,698200509
"233",945856,3719,78,347,0,701192533
"234",945839,3765,68,328,0,704194944
"235",945844,3776,62,318,0,707188124
"236",945811,3806,74,309,0,710183026
"237",945749,3836,99,316,0,713179873
"238",945712,3866,80,342,0,716175894
"239",945624,3946,75,355,0,719176742
"240",945630,3951,75,344,0,722173830
"241",945619,3952,86,343,0,725163757
"242",945560,4011,88,341,0,728154928
"243",945480,4096,67,357,0,731151194
"244",945526,4050,64,360,0,734146084
"245",945461,4088,88,363,0,737149342
"246",945490,4053,88,369,0,740141951
"247",945445,4114,90,351,0,743142760
"248",945382,4140,106,372,0,746137891
"249",945382,4121,97,400,0,749126089
"250",945338,4174,102,386,0,752126387
"251",945367,4165,101,367,0,755133630
"252",945317,4212,95,376,0,758126454
"253",945323,4246,80,351,0,761123545
"254",945323,4244,84,349,0,764121665
"255",945275,4265,90,370,0,767113975
"256",945206,4304,76,414,0,770112109
"257",945205,4317,74,404,0,773107069
"258",945187,4332,65,416,0,776095487
"259",945148,4378,79,395,0,779083497
"260",945195,4344,81,380,0,782069945
"261",945097,4425,92,386,0,785057189
"262",945080,4419,104,397,0,788048703
"263",945114,4390,91,405,0,791044029
"264",945152,4328,101,419,0,794041246
"265",945173,4286,116,425,0,797031829
"266",945183,4321,98,398,0,800022889
"267",945240,4235,97,428,0,803007990
"268",945180,4296,98,426,0,806009044
"269",945211,4288,94,407,0,808992609
"270",945235,4245,98,422,0,811980222
"271",945208,4276,97,419,0,814980199
"272",945169,4259,118,454,0,817962079
"273",945151,4306,113,430,0,820959369
"274",945127,4300,115,458,0,823959255
"275",945215,4278,100,407,0,826955353
"276",945239,4251,109,401,0,829938714
"277",945186,4312,98,404,0,832927868
"278",945063,4387,106,444,0,835931317
"279",945172,4272,99,457,0,838943669
"280",945151,4326,96,427,0,841943203
"281",945094,4365,98,443,0,844935576
"282",945005,4420,96,479,0,847927581
"283",944963,4437,88,512,0,850902572
"284",944892,4469,97,542,0,853908182
"285",944810,4546,101,543,0,856908147
"286",944730,4634,102,534,0,859905530
"287",944731,4639,109,521,0,862905664
"288",944731,4641,113,515,0,865895915
"289",944676,4660,117,547,0,868885886
"290",944604,4740,111,545,0,871873887
"291",944705,4663,105,527,0,874872608
"292",944752,4612,77,559,0,877871652
"293",944696,4639,93,572,0,880859102
"294",944633,4698,95,574,0,883869663
"295",944566,4698,120,616,0,886860460
"296",944544,4742,111,603,0,889849290
"297",944581,4699,112,608,0,892846269
"298",944529,4716,109,646,0,895853196
"299",944542,4701,88,669,0,898845513
"300",944453,4735,100,712,0,901832210
"301",944472,4683,92,753,0,904828038
"302",944530,4660,95,715,0,907812232
"303",944510,4686,111,693,0,910805213
"304",944476,4733,115,676,0,913800790
"305",944533,4695,113,659,0,916793193
"306",944530,4690,124,656,0,919780763
"307",944408,4789,155,648,0,922773905
"308",944371,4842,154,633,0,925765380
"309",944413,4828,142,617,0,928753279
"310",944411,4851,131,607,0,931748004
"311",944429,4857,127,587,0,934738819
"312",944456,4855,134,555,0,937732076
"313",944499,4817,130,554,0,940724800
"314",944531,4794,110,565,0,943711785
"315",944507,4791,106,596,0,946705699
"316",944512,4759,109,620,0,949686985
"317",944553,4712,109,626,0,952684863
"318",944564,4674,108,654,0,955673473
"319",944599,4656,97,648,0,958673214
"320",944621,4613,92,674,0,961668291
"321",944590,4661,71,678,0,964681844
"322",944568,4657,79,696,0,967664625
"323",944539,4672,81,708,0,970660950
"324",944549,4668,78,705,0,973652295
"325",944402,4800,91,707,0,976638743
"326",944292,4858,113,737,0,979639955
"327",944224,4916,119,741,0,982643960
"328",944177,4959,127,737,0,985644050
"329",944105,5068,118,709,0,988629704
"330",944161,5065,108,666,0,991624779
"331",944151,5063,89,697,0,994610319
"332",944052,5180,99,669,0,997610865
"333",944092,5108,118,682,0,1000605589
"334",944101,5123,116,660,0,1003607699
"335",944067,5158,122,653,0,1006601404
"336",944005,5208,132,655,0,1009580429
"337",943981,5227,125,667,0,1012583622
"338",943991,5263,113,633,0,1015577849
"339",943944,5311,105,640,0,1018572027
"340",944030,5208,105,657,0,1021559512
"341",944039,5173,94,694,0,1024551002
"342",943987,5206,106,701,0,1027546339
"343",943993,5153,95,759,0,1030534489
"344",943936,5211,104,749,0,1033511995
"345",943914,5246,103,737,0,1036524076
"346",943899,5301,97,703,0,1039511494
"347",943915,5242,76,767,0,1042507598
"348",943994,5146,76,784,0,1045500006
"349",943869,5287,74,770,0,1048495621
"350",943887,5256,90,767,0,1051482389
"351",943832,5303,108,757,0,1054480470
"352",943870,5239,119,772,0,1057475000
"353",943835,5323,115,727,0,1060467936
"354",943801,5349,113,737,0,1063449584
"355",943801,5344,105,750,0,1066437302
"356",943790,5374,100,736,0,1069430574
"357",943823,5361,79,737,0,1072417920
"358",943721,5433,88,758,0,1075399243
"359",943816,5343,88,753,0,1078399266
"360",943884,5328,76,712,0,1081400709
"361",943819,5404,87,690,0,1084399155
"362",943844,5385,87,684,0,1087401595
"363",943806,5400,102,692,0,1090400221
"364",943727,5467,82,724,0,1093393642
"365",943608,5612,70,710,0,1096376229
"366",943608,5578,77,737,0,1099370089
"367",943508,5636,75,781,0,1102372342
"368",943448,5685,76,791,0,1105366078
"369",943462,5658,67,813,0,1108355382
"370",943461,5657,68,814,0,1111357778
"371",943488,5598,88,826,0,1114354740
"372",943475,5640,79,806,0,1117357392
"373",943352,5749,94,805,0,1120354242
"374",943314,5796,102,788,0,1123338257
"375",943395,5728,98,779,0,1126328300
"376",943364,5788,103,745,0,1129329019
"377",943351,5774,115,760,0,1132326557
"378",943407,5758,115,720,0,1135331958
"379",943337,5830,117,716,0,1138320697
"380",943219,5936,107,738,0,1141315983
"381",943285,5826,131,758,0,1144316015
"382",943329,5806,116,749,0,1147309184
"383",943269,5856,115,760,0,1150308821
"384",943286,5891,106,717,0,1153315415
"385",943345,5860,104,691,0,1156298944
"386",943322,5936,75,667,0,1159301192
"387",943342,5931,82,645,0,1162288429
"388",943448,5842,81,629,0,1165290685
"389",943533,5709,90,668,0,1168280619
"390",943541,5718,80,661,0,1171271590
"391",943498,5735,82,685,0,1174262750
"392",943427,5791,68,714,0,1177259972
"393",943444,5779,73,704,0,1180271521
"394",943413,5745,97,745,0,1183257034
"395",943321,5842,99,738,0,1186246691
"396",943351,5806,85,758,0,1189229416
"397",943287,5883,95,735,0,1192228249
"398",943156,6044,99,701,0,1195213961
"399",943144,6088,78,690,0,1198220611
"400",943073,6163,77,687,0,1201204089
"401",943027,6179,97,697,0,1204193753
"402",942926,6236,112,726,0,1207196665
"403",942938,6188,133,741,0,1210195455
"404",942791,6340,139,730,0,1213187875
"405",942749,6344,124,783,0,1216182163
"406",942679,6417,124,780,0,1219161789
"407",942646,6418,131,805,0,1222167051
"408",942757,6347,119,777,0,1225170106
"409",942825,6298,112,765,0,1228173292
"410",942819,6303,111,767,0,1231169329
"411",942766,6325,126,783,0,1234167904
"412",942788,6309,123,780,0,1237155166
"413",942849,6276,120,755,0,1240157015
"414",942855,6268,120,757,0,1243153417
"415",942863,6277,138,722,0,1246144819
"416",942840,6267,146,747,0,1249133151
"417",942815,6322,163,700,0,1252137773
"418",942877,6229,163,731,0,1255141387
"419",942794,6331,168,707,0,1258142379
"420",942773,6374,164,689,0,1261129615
"421",942748,6378,162,712,0,1264121482
"422",942794,6293,158,755,0,1267120774
"423",942808,6260,133,799,0,1270124851
"424",942781,6274,149,796,0,1273125408
"425",942765,6307,142,786,0,1276111679
"426",942718,6294,159,829,0,1279102074
"427",942743,6270,156,831,0,1282095073
"428",942765,6193,173,869,0,1285093660
"429",942768,6182,151,899,0,1288076407
"430",942766,6235,162,837,0,1291075435
"431",942751,6239,162,848,0,1294061181
"432",942765,6228,150,857,0,1297062478
"433",942687,6241,155,917,0,1300054447
"434",942624,6239,150,987,0,1303054001
"435",942809,6052,146,993,0,1306049804
"436",942732,6180,117,971,0,1309051426
"437",942715,6155,120,1010,0,1312048315
"438",942819,6045,126,1010,0,1315038181
"439",942738,6159,104,999,0,1318025504
"440",942811,6053,117,1019,0,1321020851
"441",942835,6051,105,1009,0,1324017472
"442",942695,6154,114,1037,0,1327019701
"443",942762,6080,114,1044,0,1330015126
"444",942718,6139,107,1036,0,1332998989
"445",942692,6153,132,1023,0,1335991615
"446",942645,6216,127,1012,0,1338994004
"447",942628,6246,144,982,0,1341988903
"448",942631,6242,154,973,0,1344998118
"449",942634,6160,138,1068,0,1348005401
"450",942596,6195,122,1087,0,1350997133
"451",942585,6177,138,1100,0,1353996063
"452",942571,6139,163,1127,0,1356992088
"453",942671,6017,172,1140,0,1359984347
"454",942601,6085,153,1161,0,1362972115
"455",942621,6094,130,1155,0,1365964187
"456",942671,6008,151,1170,0,1368965851
"457",942638,6017,126,1219,0,1371961158
"458",942707,5933,138,1222,0,1374954390
"459",942669,5980,145,1206,0,1377952505
"460",942517,6078,136,1269,0,1380947113
"461",942531,6060,135,1274,0,1383938449
"462",942475,6059,140,1326,0,1386920559
"463",942465,6019,144,1372,0,1389906136
"464",942544,6024,126,1306,0,1392914566
"465",942561,6065,135,1239,0,1395921908
"466",942632,5995,144,1229,0,1398914934
"467",942651,5994,154,1201,0,1401914003
"468",942777,5874,140,1209,0,1404896816
"469",942748,5872,169,1211,0,1407899193
"470",942745,5844,157,1254,0,1410888012
"471",942723,5853,141,1283,0,1413889327
"472",942776,5852,134,1238,0,1416888930
"473",942851,5761,135,1253,0,1419879618
"474",942965,5682,114,1239,0,1422864633
"475",942892,5794,112,1202,0,1425857186
"476",942890,5789,131,1190,0,1428848652
"477",942926,5713,119,1242,0,1431836383
"478",942920,5717,132,1231,0,1434817290
"479",942909,5744,119,1228,0,1437801674
"480",942819,5795,118,1268,0,1440797215
"481",942860,5747,127,1266,0,1443801222
"482",942697,5922,107,1274,0,1446789039
"483",942704,5889,122,1285,0,1449784652
"484",942741,5805,128,1326,0,1452761922
"485",942609,5900,154,1337,0,1455765835
"486",942681,5891,147,1281,0,1458766212
"487",942785,5840,136,1239,0,1461763175
"488",942851,5750,139,1260,0,1464749549
"489",942824,5757,148,1271,0,1467744578
"490",942824,5756,134,1286,0,1470742720
"491",942810,5815,102,1273,0,1473737508
"492",942799,5839,111,1251,0,1476709801
"493",942896,5764,97,1243,0,1479688914
"494",942797,5840,108,1255,0,1482684411
"495",942787,5839,114,1260,0,1485681981
"496",942638,5957,125,1280,0,1488664917
"497",942751,5923,106,1220,0,1491658929
"498",942628,6021,135,1216,0,1494653180
"499",942664,5939,143,1254,0,1497645377
"500",942584,5932,143,1341,0,1500638198
"501",942618,5893,154,1335,0,1503641382
"502",942688,5863,134,1315,0,1506639845
"503",942668,5922,148,1262,0,1509645418
"504",942630,6023,135,1212,0,1512640428
"505",942771,5876,144,1209,0,1515639469
"506",942812,5808,163,1217,0,1518633061
"507",942733,5899,140,1228,0,1521609398
"508",942715,5927,159,1199,0,1524597100
"509",942626,5977,150,1247,0,1527583937
"510",942599,5963,165,1273,0,1530586760
"511",942604,5974,151,1271,0,1533585757
"512",942602,5970,145,1283,0,1536578787
"513",942615,5947,153,1285,0,1539573263
"514",942581,5972,129,1318,0,1542569117
"515",942548,5978,131,1343,0,1545573774
"516",942466,6099,123,1312,0,1548574003
"517",942308,6244,121,1327,0,1551561315
"518",942282,6250,139,1329,0,1554550949
"519",942298,6186,150,1366,0,1557548976
"520",942231,6273,145,1351,0,1560546082
"521",942262,6264,154,1320,0,1563539105
"522",942248,6262,167,1323,0,1566523259
"523",942131,6380,159,1330,0,1569523512
"524",942102,6373,168,1357,0,1572514636
"525",942147,6348,158,1347,0,1575502713
"526",942115,6400,156,1329,0,1578491458
"527",942240,6303,143,1314,0,1581494921
"528",942202,6315,136,1347,0,1584492129
"529",942183,6370,116,1331,0,1587477318
"530",942048,6489,130,1333,0,1590463269
"531",942067,6433,138,1362,0,1593452467
"532",942041,6449,136,1374,0,1596444265
"533",941998,6452,140,1410,0,1599448766
"534",942001,6506,113,1380,0,1602437886
"535",941963,6494,98,1445,0,1605442427
"536",942000,6430,86,1484,0,1608435400
"537",942028,6402,106,1464,0,1611433942
"538",942141,6315,104,1440,0,1614436215
"539",942028,6385,112,1475,0,1617421591
"540",941966,6421,121,1492,0,1620414132
"541",941968,6387,149,1496,0,1623409863
"542",941917,6395,153,1535,0,1626397994
"543",941961,6401,145,1493,0,1629388862
"544",942010,6393,139,1458,0,1632386572
"545",941936,6480,144,1440,0,1635382484
"546",942008,6456,158,1378,0,1638378558
"547",942005,6450,168,1377,0,1641366470
"548",942098,6422,142,1338,0,1644360745
"549",942070,6401,138,1391,0,1647351836
"550",941985,6508,138,1369,0,1650345123
"551",942032,6466,134,1368,0,1653338430
"552",941999,6544,143,1314,0,1656330058
"553",942034,6529,147,1290,0,1659321843
"554",941888,6693,122,1297,0,1662317528
"555",941848,6686,130,1336,0,1665314221
"556",941880,6624,125,1371,0,1668303567
"557",941803,6674,132,1391,0,1671301961
"558",941718,6734,129,1419,0,1674293990
"559",941802,6767,110,1321,0,1677288733
"560",941780,6757,109,1354,0,1680281212
"561",941761,6714,105,1420,0,1683279736
"562",941681,6706,131,1482,0,1686275802
"563",941755,6664,121,1460,0,1689268474
"564",941782,6729,138,1351,0,1692251703
"565",941728,6804,122,1346,0,1695244250
"566",941700,6828,116,1356,0,1698235939
"567",941746,6790,118,1346,0,1701227111
"568",941761,6808,93,1338,0,1704224572
"569",941710,6866,99,1325,0,1707227850
"570",941698,6858,126,1318,0,1710222454
"571",941650,6895,138,1317,0,1713215803
"572",941632,6905,137,1326,0,1716209677
"573",941550,6993,142,1315,0,1719204948
"574",941617,6934,144,1305,0,1722187268
"575",941549,6964,129,1358,0,1725184091
"576",941574,6991,121,1314,0,1728183270
"577",941630,6974,120,1276,0,1731183032
"578",941600,6986,126,1288,0,1734172609
"579",941585,7032,124,1259,0,1737162725
"580",941482,7162,129,1227,0,1740159194
"581",941375,7286,121,1218,0,1743153053
"582",941332,7290,130,1248,0,1746143087
"583",941294,7289,127,1290,0,1749136375
"584",941322,7245,121,1312,0,1752128906
"585",941331,7218,148,1303,0,1755119721
"586",941319,7269,143,1269,0,1758106156
"587",941294,7328,160,1218,0,1761101215
"588",941295,7303,163,1239,0,1764106368
"589",941283,7370,141,1206,0,1767094577
"590",941224,7420,145,1211,0,1770084122
"591",941224,7428,122,1226,0,1773086879
"592",941128,7563,124,1185,0,1776087054
"593",941154,7552,100,1194,0,1779074564
"594",941031,7655,119,1195,0,1782067066
"595",941038,7612,130,1220,0,1785066176
"596",940949,7672,135,1244,0,1788049635
"597",940886,7689,172,1253,0,1791058366
"598",940820,7752,186,1242,0,1794045497
"599",940725,7888,191,1196,0,1797043605
"600",940719,7927,180,1174,0,1800052102
"601",940577,8064,191,1168,0,1803041358
"602",940506,8110,188,1196,0,1806025219
"603",940534,8057,193,1216,0,1809022263
"604",940590,8057,181,1172,0,1812025383
"605",940575,8069,158,1198,0,1815023460
"606",940613,7960,167,1260,0,1818021328
"607",940549,8044,190,1217,0,1821011593
"608",940453,8128,196,1223,0,1824014711
"609",940525,8049,173,1253,0,1827008527
"610",940410,8119,194,1277,0,1830003462
"611",940415,8100,193,1292,0,1833000666
"612",940547,8055,183,1215,0,1835985760
"613",940429,8142,178,1251,0,1838978071
"614",940497,8029,194,1280,0,1841970066
"615",940498,8019,186,1297,0,1844960847
"616",940331,8184,191,1294,0,1847950819
"617",940327,8193,157,1323,0,1850945411
"618",940426,8117,154,1303,0,1853940128
"619",940469,8063,144,1324,0,1856941278
"620",940429,8007,172,1392,0,1859928923
"621",940447,8024,157,1372,0,1862921264
"622",940366,8063,175,1396,0,1865926330
"623",940373,8069,194,1364,0,1868907896
"624",940324,8085,192,1399,0,1871891974
"625",940322,8145,167,1366,0,1874883040
"626",940339,8096,180,1385,0,1877883061
"627",940296,8121,187,1396,0,1880879673
"628",940355,8084,175,1386,0,1883869045
"629",940301,8139,177,1383,0,1886868412
"630",940397,8011,184,1408,0,1889870097
"631",940350,8077,173,1400,0,1892859810
"632",940405,8024,176,1395,0,1895859465
"633",940323,8149,162,1366,0,1898848202
"634",940280,8192,167,1361,0,1901844076
"635",940285,8192,156,1367,0,1904837582
"636",940329,8110,149,1412,0,1907841082
"637",940377,8140,166,1317,0,1910831045
"638",940473,8039,183,1305,0,1913825601
"639",940460,8055,190,1295,0,1916825445
"640",940464,8034,165,1337,0,1919826246
"641",940454,8036,170,1340,0,1922819300
"642",940426,8058,191,1325,0,1925814848
"643",940349,8062,243,1346,0,1928807783
"644",940413,7994,240,1353,0,1931804642
"645",940397,8028,263,1312,0,1934793754
"646",940382,8001,262,1355,0,1937788668
"647",940188,8154,282,1376,0,1940778508
"648",940070,8285,261,1384,0,1943777355
"649",940125,8209,270,1396,0,1946774304
"650",940076,8345,254,1325,0,1949763491
"651",940083,8378,257,1282,0,1952767433
"652",940048,8426,252,1274,0,1955761958
"653",940121,8370,246,1263,0,1958754624
"654",940045,8395,243,1317,0,1961741459
"655",939941,8499,228,1332,0,1964736535
"656",939794,8584,233,1389,0,1967723069
"657",939711,8626,229,1434,0,1970720951
"658",939703,8689,212,1396,0,1973710998
"659",939778,8646,226,1350,0,1976710145
"660",939650,8773,243,1334,0,1979707771
"661",939582,8820,254,1344,0,1982709627
"662",939513,8905,242,1340,0,1985709065
"663",939490,8909,242,1359,0,1988704686
"664",939572,8816,222,1390,0,1991688960
"665",939518,8898,206,1378,0,1994681977
"666",939411,9011,199,1379,0,1997689041
"667",939341,9064,183,1412,0,2000680087
"668",939341,9062,160,1437,0,2003676849
"669",939351,9059,154,1436,0,2006666113
"670",939154,9182,165,1499,0,2009659983
"671",939184,9192,157,1467,0,2012658359
"672",939145,9242,162,1451,0,2015654535
"673",939260,9174,155,1411,0,2018642643
"674",939358,9101,148,1393,0,2021628257
"675",939255,9177,139,1429,0,2024616233
"676",939342,9143,134,1381,0,2027620987
"677",939299,9156,141,1404,0,2030622720
"678",939210,9243,173,1374,0,2033621532
"679",939224,9231,175,1370,0,2036626109
"680",939222,9114,185,1479,0,2039610826
"681",939110,9231,175,1484,0,2042612153
"682",939068,9311,185,1436,0,2045608876
"683",939067,9241,204,1488,0,2048604063
"684",939091,9204,194,1511,0,2051598708
"685",939038,9209,189,1564,0,2054598526
"686",939007,9250,186,1557,0,2057593021
"687",938946,9308,195,1551,0,2060575677
"688",938882,9330,206,1582,0,2063566201
"689",938956,9252,212,1580,0,2066558847
"690",938857,9310,215,1618,0,2069551420
"691",938850,9388,231,1531,0,2072536624
"692",938897,9397,194,1512,0,2075530935
"693",938921,9327,209,1543,0,2078509766
"694",938822,9420,204,1554,0,2081492565
"695",938899,9406,199,1496,0,2084481706
"696",938937,9368,174,1521,0,2087465255
"697",938901,9402,163,1534,0,2090461856
"698",938883,9399,159,1559,0,2093448263
"699",938796,9472,173,1559,0,2096446780
"700",938655,9537,172,1636,0,2099443667
"701",938572,9596,179,1653,0,2102438337
"702",938515,9649,170,1666,0,2105444037
"703",938441,9760,161,1638,0,2108430590
"704",938325,9834,161,1680,0,2111415177
"705",938319,9813,191,1677,0,2114398083
"706",938328,9845,175,1652,0,2117385127
"707",938372,9798,154,1676,0,2120387274
"708",938202,9895,164,1739,0,2123373300
"709",938044,9978,187,1791,0,2126365437
"710",937997,10007,187,1809,0,2129371161
"711",937969,10005,163,1863,0,2132359691
"712",937968,9995,179,1858,0,2135336880
"713",937884,10055,176,1885,0,2138318402
"714",937773,10133,188,1906,0,2141322796
"715",937679,10229,170,1922,0,2144318872
"716",937596,10335,189,1880,0,2147320865
"717",937523,10335,185,1957,0,2150315654
"718",937507,10382,177,1934,0,2153303378
"719",937324,10559,191,1926,0,2156296991
"720",937299,10525,211,1965,0,2159310130
"721",937199,10629,221,1951,0,2162305796
"722",937219,10586,213,1982,0,2165307544
"723",937002,10746,206,2046,0,2168299438
"724",936972,10772,218,2038,0,2171292688
"725",936990,10764,192,2054,0,2174285538
"726",936912,10849,208,2031,0,2177277058
"727",936786,10869,201,2144,0,2180273612
"728",936648,10912,218,2222,0,2183262535
"729",936611,10974,215,2200,0,2186261165
"730",936644,10925,245,2186,0,2189249679
"731",936657,10904,244,2195,0,2192251252
"732",936729,10854,220,2197,0,2195253505
"733",936636,10925,169,2270,0,2198257328
"734",936682,10908,155,2255,0,2201256589
"735",936583,10998,180,2239,0,2204253598
"736",936497,11067,191,2245,0,2207254482
"737",936556,11052,197,2195,0,2210241739
"738",936483,11177,201,2139,0,2213232923
"739",936387,11162,195,2256,0,2216225356
"740",936444,11104,198,2254,0,2219216399
"741",936370,11192,201,2237,0,2222209862
"742",936414,11135,215,2236,0,2225222292
"743",936386,11219,229,2166,0,2228214725
"744",936439,11212,226,2123,0,2231201090
"745",936331,11265,262,2142,0,2234201856
"746",936306,11249,225,2220,0,2237196625
"747",936314,11210,193,2283,0,2240193875
"748",936292,11270,206,2232,0,2243193573
"749",936270,11299,227,2204,0,2246187822
"750",936238,11348,229,2185,0,2249173078
"751",936201,11423,208,2168,0,2252178511
"752",936236,11389,194,2181,0,2255185770
"753",936180,11465,169,2186,0,2258184300
"754",936022,11567,150,2261,0,2261184524
"755",935941,11604,147,2308,0,2264177117
"756",935874,11580,163,2383,0,2267185278
"757",935759,11647,206,2388,0,2270180889
"758",935759,11572,203,2466,0,2273177940
"759",935767,11623,216,2394,0,2276167993
"760",935621,11698,240,2441,0,2279170938
"761",935625,11705,220,2450,0,2282173138
"762",935599,11713,216,2472,0,2285174309
"763",935702,11697,221,2380,0,2288171571
"764",935673,11732,209,2386,0,2291170981
"765",935649,11737,212,2402,0,2294156272
"766",935477,11863,197,2463,0,2297160230
"767",935494,11898,188,2420,0,2300155399
"768",935375,11916,190,2519,0,2303154854
"769",935278,11976,188,2558,0,2306149370
"770",935264,11970,204,2562,0,2309141311
"771",935329,11928,222,2521,0,2312134783
"772",935269,12049,209,2473,0,2315142387
"773",935371,12040,215,2374,0,2318126842
"774",935288,12109,199,2404,0,2321123069
"775",935187,12198,215,2400,0,2324117925
"776",935117,12308,221,2354,0,2327107908
"777",935210,12273,218,2299,0,2330100439
"778",935206,12207,215,2372,0,2333094929
"779",935194,12237,175,2394,0,2336088596
"780",935171,12202,183,2444,0,2339082865
"781",935246,12173,196,2385,0,2342064771
"782",935160,12289,164,2387,0,2345064662
"783",935231,12173,220,2376,0,2348060843
"784",935342,12004,203,2451,0,2351060371
"785",935355,11971,202,2472,0,2354051467
"786",935465,11909,188,2438,0,2357042074
"787",935343,11939,204,2514,0,2360035998
"788",935179,12029,197,2595,0,2363028970
"789",935074,12166,176,2584,0,2366017866
"790",935084,12130,184,2602,0,2369009643
"791",935080,12142,194,2584,0,2371993170
"792",935112,12187,176,2525,0,2374999683
"793",935151,12189,170,2490,0,2377997719
"794",935048,12231,157,2564,0,2380985930
"795",935003,12216,172,2609,0,2383987855
"796",935082,12156,154,2608,0,2386985974
"797",935173,12164,153,2510,0,2389987898
"798",935133,12182,146,2539,0,2392979847
"799",935189,12123,173,2515,0,2395964283
"800",935112,12178,170,2540,0,2398947208
"801",935027,12270,204,2499,0,2401944023
"802",935073,12161,205,2561,0,2404934955
"803",934996,12142,208,2654,0,2407937144
"804",934952,12160,211,2677,0,2410932652
"805",934896,12202,204,2698,0,2413918466
"806",934867,12244,221,2668,0,2416925290
"807",934787,12301,213,2699,0,2419927985
"808",934893,12220,233,2654,0,2422927110
"809",934888,12245,244,2623,0,2425913834
"810",934828,12297,240,2635,0,2428913084
"811",934847,12303,233,2617,0,2431913264
"812",934906,12270,237,2587,0,2434900418
"813",934821,12302,227,2650,0,2437887859
"814",934850,12224,220,2706,0,2440867046
"815",934838,12240,195,2727,0,2443847928
"816",934843,12251,203,2703,0,2446854240
"817",934806,12246,219,2729,0,2449851487
"818",934741,12306,218,2735,0,2452836535
"819",934772,12181,214,2833,0,2455832145
"820",934828,12156,198,2818,0,2458816449
"821",934774,12236,168,2822,0,2461811149
"822",934769,12314,150,2767,0,2464799370
"823",934644,12409,146,2801,0,2467787521
"824",934566,12389,166,2879,0,2470778070
"825",934506,12453,154,2887,0,2473777207
"826",934518,12471,174,2837,0,2476774190
"827",934495,12504,172,2829,0,2479758498
"828",934421,12571,191,2817,0,2482756802
"829",934417,12660,189,2734,0,2485765476
"830",934476,12571,208,2745,0,2488766987
"831",934429,12693,189,2689,0,2491743230
"832",934408,12713,175,2704,0,2494743091
"833",934418,12692,200,2690,0,2497743110
"834",934426,12683,189,2702,0,2500740867
"835",934344,12737,200,2719,0,2503734635
"836",934102,12922,201,2775,0,2506719434
"837",934131,12885,171,2813,0,2509703401
"838",933971,12954,195,2880,0,2512696630
"839",934035,12917,203,2845,0,2515697273
"840",934103,12904,196,2797,0,2518691290
"841",933971,13014,180,2835,0,2521693652
"842",934034,12947,177,2842,0,2524701801
"843",933977,12974,182,2867,0,2527686151
"844",933896,12990,194,2920,0,2530681711
"845",933951,13060,197,2792,0,2533686008
"846",933865,13191,209,2735,0,2536688413
"847",933892,13014,240,2854,0,2539683488
"848",933890,13023,242,2845,0,2542674121
"849",933996,12894,223,2887,0,2545665162
"850",933914,13016,210,2860,0,2548653107
"851",934101,12872,213,2814,0,2551654508
"852",934029,12966,217,2788,0,2554662966
"853",934053,12936,215,2796,0,2557652365
"854",934045,12926,223,2806,0,2560645957
"855",934052,12888,183,2877,0,2563651677
"856",934019,12882,209,2890,0,2566647585
"857",933994,12954,197,2855,0,2569640082
"858",933909,13093,173,2825,0,2572632332
"859",933807,13167,204,2822,0,2575628368
"860",933869,13154,233,2744,0,2578623634
"861",933850,13211,218,2721,0,2581608414
"862",933855,13085,244,2816,0,2584587902
"863",933782,13118,223,2877,0,2587579413
"864",933725,13192,197,2886,0,2590562079
"865",934017,12978,177,2828,0,2593550640
"866",934047,12909,200,2844,0,2596544732
"867",934036,12975,175,2814,0,2599535857
"868",933841,13105,197,2857,0,2602537772
"869",933823,13123,197,2857,0,2605521940
"870",933678,13329,209,2784,0,2608507022
"871",933664,13422,192,2722,0,2611507068
"872",933658,13460,154,2728,0,2614511799
"873",933702,13482,196,2620,0,2617503004
"874",933889,13333,198,2580,0,2620490657
"875",933705,13485,215,2595,0,2623482555
"876",933942,13327,199,2532,0,2626476810
"877",933985,13206,232,2577,0,2629464180
"878",933919,13250,254,2577,0,2632461221
"879",933887,13333,264,2516,0,2635463992
"880",933987,13308,244,2461,0,2638457277
"881",933931,13443,278,2348,0,2641445525
"882",933970,13488,251,2291,0,2644441117
"883",933797,13668,254,2281,0,2647426334
"884",933799,13656,243,2302,0,2650413136
"885",933736,13618,262,2384,0,2653411638
"886",933557,13801,261,2381,0,2656410667
"887",933776,13685,228,2311,0,2659408752
"888",933722,13649,252,2377,0,2662392485
"889",933663,13680,261,2396,0,2665393865
"890",933608,13744,259,2389,0,2668391420
"891",933626,13766,244,2364,0,2671400712
"892",933661,13746,238,2355,0,2674387088
"893",933599,13806,226,2369,0,2677377490
"894",933383,14107,241,2269,0,2680385743
"895",933267,14185,246,2302,0,2683373762
"896",933245,14284,209,2262,0,2686369820
"897",933184,14356,232,2228,0,2689367125
"898",933101,14427,231,2241,0,2692345270
"899",932947,14543,219,2291,0,2695344667
"900",932812,14569,258,2361,0,2698341998
"901",932707,14615,264,2414,0,2701329057
"902",932710,14657,243,2390,0,2704320357
"903",932690,14691,270,2349,0,2707306818
"904",932844,14579,260,2317,0,2710304985
"905",932955,14460,257,2328,0,2713305279
"906",932827,14516,267,2390,0,2716308016
"907",932847,14445,254,2454,0,2719303146
"908",932755,14506,273,2466,0,2722305876
"909",932709,14587,261,2443,0,2725298283
"910",932680,14672,279,2369,0,2728291969
"911",932608,14785,238,2369,0,2731292996
"912",932678,14676,224,2422,0,2734283402
"913",932528,14796,259,2417,0,2737288009
"914",932433,14868,246,2453,0,2740281728
"915",932450,14840,253,2457,0,2743285596
"916",932261,14987,256,2496,0,2746282775
"917",932217,15082,238,2463,0,2749274648
"918",932291,15002,230,2477,0,2752248010
"919",932206,15064,238,2492,0,2755237888
"920",932151,15024,244,2581,0,2758222524
"921",932152,14970,231,2647,0,2761221481
"922",932112,14993,205,2690,0,2764216355
"923",932156,14881,205,2758,0,2767212044
"924",932138,14901,230,2731,0,2770202492
"925",932124,14899,253,2724,0,2773186891
"926",931938,15062,264,2736,0,2776184964
"927",931920,15048,283,2749,0,2779179340
"928",931861,15149,262,2728,0,2782181093
"929",931821,15149,262,2768,0,2785179330
"930",931859,15113,266,2762,0,2788174383
"931",931761,15172,264,2803,0,2791167845
"932",931587,15286,287,2840,0,2794166434
"933",931492,15376,312,2820,0,2797165677
"934",931555,15364,304,2777,0,2800155232
"935",931630,15316,308,2746,0,2803150071
"936",931469,15433,295,2803,0,2806141404
"937",931597,15293,280,2830,0,2809137324
"938",931675,15233,269,2823,0,2812143309
"939",931474,15317,297,2912,0,2815133014
"940",931481,15312,307,2900,0,2818136181
"941",931458,15369,300,2873,0,2821135050
"942",931578,15258,285,2879,0,2824136714
"943",931413,15376,281,2930,0,2827123889
"944",931473,15365,263,2899,0,2830110496
"945",931228,15544,273,2955,0,2833117648
"946",931175,15588,293,2944,0,2836111202
"947",931071,15511,309,3109,0,2839098239
"948",930949,15660,322,3069,0,2842095424
"949",930922,15650,307,3121,0,2845086886
"950",930926,15739,297,3038,0,2848071309
"951",930975,15673,297,3055,0,2851074632
"952",930870,15865,284,2981,0,2854073671
"953",930760,15921,251,3068,0,2857069450
"954",930677,16049,247,3027,0,2860071930
"955",930735,15932,267,3066,0,2863070861
"956",930658,16059,271,3012,0,2866068908
"957",930495,16199,260,3046,0,2869061450
"958",930461,16183,254,3102,0,2872058256
"959",930509,16205,237,3049,0,2875049953
"960",930434,16249,233,3084,0,2878033841
"961",930519,16144,225,3112,0,2881029809
"962",930373,16250,247,3130,0,2884032739
"963",930189,16360,260,3191,0,2887034232
"964",930181,16300,263,3256,0,2890030879
"965",930067,16387,255,3291,0,2893022056
"966",929887,16541,259,3313,0,2896016246
"967",929758,16628,284,3330,0,2899013152
"968",929658,16697,306,3339,0,2902021587
"969",929719,16592,291,3398,0,2905007701
"970",929510,16838,239,3413,0,2908008838
"971",929571,16813,222,3394,0,2911000039
"972",929596,16852,256,3296,0,2913991803
"973",929639,16857,226,3278,0,2916989944
"974",929672,16864,236,3228,0,2919994436
"975",929779,16898,220,3103,0,2922977228
"976",929820,16916,220,3044,0,2925980273
"977",929657,17095,217,3031,0,2928973492
"978",929593,17085,228,3094,0,2931962978
"979",929549,17023,254,3174,0,2934950948
"980",929512,17020,248,3220,0,2937948901
"981",929478,17049,248,3225,0,2940937884
"982",929534,16930,262,3274,0,2943937842
"983",929517,16894,268,3321,0,2946935392
"984",929581,16791,264,3364,0,2949923578
"985",929623,16755,279,3343,0,2952928682
"986",929622,16833,260,3285,0,2955930238
"987",929633,16868,266,3233,0,2958923795
"988",929584,16869,246,3301,0,2961928617
"989",929530,16931,256,3283,0,2964923073
"990",929724,16714,256,3306,0,2967898162
"991",929632,16821,268,3279,0,2970892539
"992",929525,16929,262,3284,0,2973877945
"993",929403,17019,268,3310,0,2976871192
"994",929382,17043,289,3286,0,2979864513
"995",929288,17117,292,3303,0,2982864942
"996",929278,17171,300,3251,0,2985859621
"997",929201,17233,289,3277,0,2988850177
"998",929133,17254,289,3324,0,2991843023
"999",929113,17353,318,3216,0,2994831597
"1000",928969,17488,304,3239,0,2997819684
"1001",928964,17495,310,3231,0,3000801039
"1002",928820,17606,263,3311,0,3003799086
"1003",928830,17608,245,3317,0,3006791503
"1004",928821,17601,282,3296,0,3009794953
"1005",928674,17747,267,3312,0,3012785029
"1006",928646,17841,264,3249,0,3015782198
"1007",928520,17940,237,3303,0,3018772837
"1008",928633,17790,236,3341,0,3021758056
"1009",928507,17892,281,3320,0,3024758537
"1010",928498,17873,277,3352,0,3027772205
"1011",928319,18021,265,3395,0,3030759921
"1012",928333,17954,249,3464,0,3033758156
"1013",928321,18013,273,3393,0,3036744297
"1014",928285,18068,291,3356,0,3039743987
"1015",928353,18003,300,3344,0,3042731959
"1016",928440,17949,309,3302,0,3045726471
"1017",928506,18004,268,3222,0,3048716745
"1018",928506,18015,261,3218,0,3051713654
"1019",928572,17930,283,3215,0,3054698417
"1020",928577,17909,308,3206,0,3057694430
"1021",928509,17918,320,3253,0,3060690839
"1022",928280,18117,327,3276,0,3063692513
"1023",928403,18127,313,3157,0,3066697488
"1024",928409,18156,329,3106,0,3069691021
"1025",928315,18232,352,3101,0,3072698601
"1026",928273,18235,376,3116,0,3075690759
"1027",928103,18416,348,3133,0,3078679844
"1028",928052,18474,355,3119,0,3081668645
"1029",927839,18668,332,3161,0,3084672800
"1030",927644,18825,324,3207,0,3087666435
"1031",927690,18722,328,3260,0,3090656771
"1032",927575,18841,308,3276,0,3093654434
"1033",927402,18974,340,3284,0,3096656133
"1034",927347,19095,322,3236,0,3099645730
"1035",927357,19036,318,3289,0,3102635348
"1036",927346,19124,282,3248,0,3105629477
"1037",927401,19079,288,3232,0,3108639744
"1038",927238,19241,253,3268,0,3111641284
"1039",927231,19217,241,3311,0,3114635446
"1040",927201,19356,259,3184,0,3117642410
"1041",927329,19314,254,3103,0,3120643578
"1042",927314,19353,254,3079,0,3123639564
"1043",927304,19336,246,3114,0,3126630865
"1044",927301,19295,277,3127,0,3129623668
"1045",927186,19437,254,3123,0,3132618477
"1046",927124,19500,284,3092,0,3135610631
"1047",927180,19444,309,3067,0,3138610289
"1048",927099,19480,309,3112,0,3141605968
"1049",927103,19509,317,3071,0,3144596987
"1050",927089,19465,335,3111,0,3147593289
"1051",927218,19346,298,3138,0,3150583298
"1052",927079,19411,285,3225,0,3153591554
"1053",927167,19357,282,3194,0,3156589229
"1054",927089,19431,301,3179,0,3159588570
"1055",927288,19242,306,3164,0,3162587561
"1056",927212,19332,289,3167,0,3165585603
"1057",927159,19322,276,3243,0,3168573569
"1058",927247,19227,305,3221,0,3171560217
"1059",927241,19250,292,3217,0,3174555096
"1060",927287,19222,286,3205,0,3177545452
"1061",927351,19191,267,3191,0,3180537460
"1062",927290,19267,255,3188,0,3183528213
"1063",927234,19298,281,3187,0,3186525287
"1064",927270,19242,332,3156,0,3189523546
"1065",927247,19229,353,3171,0,3192520984
"1066",927163,19356,349,3132,0,3195517560
"1067",927000,19540,332,3128,0,3198519762
"1068",926875,19766,306,3053,0,3201508152
"1069",926672,19933,318,3077,0,3204498611
"1070",926658,19928,332,3082,0,3207502766
"1071",926593,19960,314,3133,0,3210503002
"1072",926531,20063,303,3103,0,3213498809
"1073",926469,20139,310,3082,0,3216497524
"1074",926560,20064,298,3078,0,3219497904
